{"cameraMode":{"drawMode":0,"name":"Shaded","section":"Shading Mode"},"sceneLighting":true,"audioPlay":false,"sceneViewState":{"m_AlwaysRefresh":false,"showFog":true,"showSkybox":true,"showFlares":true,"showImageEffects":true,"showParticleSystems":true,"showVisualEffectGraphs":true,"m_FxEnabled":true},"in2DMode":false,"pivot":{"x":-8.207008361816407,"y":19.292150497436525,"z":-8.352931022644043},"rotation":{"x":0.5091516971588135,"y":0.01705029048025608,"z":-0.010084104724228382,"w":0.8604570627212524},"size":1.1081446409225464,"orthographic":false}